fr;adj
caisse;daka
coffre;daka 
grenier;ava 
blessure;abi
Viens !;Va !
Afi ne viendra-t-elle pas ?;Afi da vá bá ?
Afi viendra vite.;Afi a vá kaba..
enfant;evi 
igname;ete
vélo;keke 
éventail;fafɛ
bougie;vɛla
tabouret;kataklɛ
oui;aɛ
ici;elɛ
Afi est venue ici.;Afi vá elɛ.
elle a calmé son enfant.;é ble eviɛ.
Il viendra vite.;á vá kaba.
Le menuisier a fabriqué sept tabourets.;Kapita ta kataklɛ amadrɛ.
crocodile;elo 
cop;kloklo 
maïs;bafo
pied;afɔ
main;alɔ
seau;tɔka
Il y a de crocodile dans le cours d’eau.;elo le etɔ lɔ mɛ.
La poule a picoté le tas d’ordures pour le poussin.;kloklonɔ lɔ ka kɔlu lɔ nɔ́ kloklovi lɔ.
Le maïs est-il déjà cuit ?;bafo lɔ bí vɔ a ?
Kofi a été malade.; Kofi lé edɔ.
Mais le guérisseur l’a aidé.; vɔ edɔdatɔ lɔ dó alɔ i.
ballon;bɔlu 
chien;avu
crapaud;bitu 
Un chien a causé un accident au cycliste.;avu do afɔku keketɔ lɔ.
Kokou a creusé un trou.;Kɔku ku dodu.
serpent;edan
ongle;efɛn
charbon;akan
houe;alin
termitière;ekɔn
entonnoire;funlin
feuille;ama 
chemin;emɔ
noix de palme;enɛ
mère;enɔ
dégonfler;ma 
boire;nu
semer;kan 
diviser;ma 
se promener;dan 
donner;na 
dire;nu 
raser;lun 
cesser;mi 
réussir;din
être gâté;dɔn
rester;nɔ
être absent;dɛn
être propre;mɛ
Kofi a donné du maïs au poulet.; Kofi ná bafo kloklo lɔ.
Dantonnou a volé le jeune maïs frais.;Dantɔnu fi bafan fɛnfin lɔ.
Un serpent a avalé quatre jeunes poussins à l’aube.;edan mi klovi fɛnfin amɛnɛ fɔnfɔnmɛ.
L'enfant a beaucoup aimé sa maman.;evi lɔ lɔn enɔlɔ keke.
Il est de notre parenté.;é bá mì 
Il nous a exploités.;é ba mì
Il est malade.;é blé.
Il a trompé quelqu’un.; éble amɛ.
C’est perdu.;é bú.
Il a respecté cette personne.;é bu amɛ lɔ.
C’est bizarre.; é dá
Il a voté.;é da akɔ.
Il est mort.;é kú.
Il a pédalé un vélo.;é ku kek.
rat;aglo 
éléphant;gɛnlin
ananas;gɔdi
assiette;tasɛ
mouche;tɔmɛsu 
oignon;sablɛ
moto;zokeke
feu;ezo
marmite;gaze
entendre;se 
loger;ze 
couper;so 
s'envoler;zo
loi;ese 
jarre;eze 
pensée;susu 
insulte;zuzu 
l'enfant;evi 
les enfant; eviwo
le chien;avu 
les chiens;avuwo
le poulet;kloklo lɔ
les poulets;kloklo lɔwo
le gros ananas;gɔdi gangan lɔ
les gros ananas;gɔdi gangan lɔwo 
personne sauvage;amɛ dɔndɔn 
personnes sauvages;amɛ dɔndɔnwo
peigne;aya 
noix de coco;yovonɛ
haricots;ayu
C’est Koffi qui a pris le haricot.;Kofi yí sɔ́ ayu lɔ.
Koffi a pris le haricot et l'a vendu.;Kofi sɔ́ ayu lɔ yí sɔ́ sa.
Koffi a donné sa clé à la personne.;Kofi ná yi safli amɛ lɔ.
Koffi est allé au marché.;Kofi yi afimɛ.
arbre;aci 
lunettes;cici 
lit;baci 
chimpanzé;kaja
souris;jaka 
cage;aja 
agouti;exɔ
océan;axu 
os;exu 
parapluie;wexi 
balai;exa
boisson;aha 
argent;eho 
cochon;eha 
voiture;ehun 
aigle;ehɔn
à côté;axa
matinée;nyidin 
avant-hier;nyisɔ
boeuf;nyibu 
femme;nyɔnu 
abeille;enyi 
orange;ŋci 
escargot;bɔŋgogo
oeil;ŋkuvi
Nous viendrons.;mì a vá.
On nous payera après demain.; wo a cú efɛn nɔ mì nyisɔ.
D'habitude ce vieux ne se fâche pas vite.;mɛgan cɛ de wanɔ dɔmɛzi kaba o.
L’enfant ne respecte pas les gens.;evi lɔ de bunɔ amɛ o.
Ils sont en train de manger en ce moment.;wo ɖukɔ enu le gaxoxo cɛ mɛ.
Ils sont en train de manger en ce moment.;wo ɖugɔ enu le gaxoxo cɛ mɛ.
Ils sont en train de manger en ce moment.;wo ɖuɖu enu le gaxoxo cɛ mɛ.
Ils sont en train de manger en ce moment.;wo ɖuɖuɔ enu le gaxoxo cɛ mɛ.
Elle a vendu le poulet;é sa kloklo lɔ.
Elle l’a vendu.;é sɛɛ
je;ŋ
tu;è
il;é
elle;é
nous;mì
vous;mí
ils;wo
elles;wo
me;ŋ
moi;enyɛ
te;eo 
toi;eo
lui;i 
lui;eyi 
lui;eyɛ
elle;i
elle;eyi 
elle;eyɛ
nous;mìwo
vous;míwo
les;wo
les;wowo
eux;wo
eux;wowo
elles;wo 
elles;wowo
mon;anyi
ma;anyi
mes;anyi
ton;ao
ta;ao
tes;ao
son;yi
sa;yi
ses;yi
notre;mìwo
nos;mìwo
votre;míwo
vos;míwo
leur;wowo
leurs;wowo
papaye;ɖuba
dent;aɖu
fourmis;ɖeɖi
cheveux;eɖa
pagne;eɖo
urine;ɖyiɖɔ
enterrer;ɖyi
blanc;eɣi 
araignée;eɣeɣi 
farine de maïs;eɣɔ
cauri;hoɣi
oeuf de poule;kloʒin
pétrole;glɛnʒin
arachides;aʒin
torche;tɔshi
panier;kishi
allumettes;mateshi
L'enfant a rendu l'âme.;Ɖevi lɔ vá trɔ́ do.
Le manioc a durci l'intérieur.;Kutu lɔ vù eɖɔ.
L'arbre est au bord du cours d'eau.;Aci lɔ lè aga nɔ etɔsasa lɔ.
La paume de main est très lisse pour l'employé de bureau.;Alɔmɛ ɖyiɖyí xwlixwlixwli nɔ kakle lɔ.
Le plant de maïs a poussé des fleurs femelles.;Bafo lɔ wà gbofwi.
La jeune fille a porté une variété de perles.;Cugbɛjɛ lɔ dó agu jenuwo.
Ce jour-là, Hérode a ordonné et on a préparé beaucoup de choses et il a appelé ses ministres, ses chefs d'armée avec les personnes importantes qui étaient dans la ville de Galilée.;Gbehunnɔgbe lɔ ɔ, Elodi ná yí wo ɖà enu sugbɔ yí é yɔ́ yi canmiwo, yi hwagawo koɖo amɛ kɔsukɔsu ciwo yí lè Galile jugan mɛ.
Ce vieux a des enfants en grand nombre.;Mɛgan lɔ jì eviwo kɔ̀ ɖɛ zan.
Les épines ont rayé la peau du vieux.;Ŋjawo drɛ̀n kpayu nɔ mɛgan lɔ.
Et voici un grand vent s'est mis à souffler et les eaux du lac qui se déchaînaient en grandes et hautes vagues circulaires venaient se déverser dans la barque;I ke loo jihɔntwi gangan ɖeka vá tɔ́ xoxò yí tankushu ciwo yí blákɔ goligolì vá gbànkɔ ɖaɖa tɔjihun lɔ mɛ
La nouvelle s'est répandue dans toute la région de Tado.;Enyɔ lɔ kpé do Tado 'ju lɔ keŋkeŋ.
Le petit bouc crie et gesticule à la poursuite des chèvres.;Gbɔsuvi lɔ lè jubabɛ dókɔ.
Il n'y a pas assez d'air dans le pneu de devant du vélo.;Azɔ de lè keke 'kú ŋkɔtɔ lɔ mɛ nywiɖe o.
Sa maladie a encore récidivé.;Edɔlele lɔ gbe hò nii.
Il lui a dit qu'il lui a donné le peuple.;É nú nii mɔ ye sɔ́ jukɔn lɔ nii.
Le marié a invité Jésus, et il n'a pas subi la honte.;Alɔletɔ lɔ kpé Yesu, yí dé ɖù ŋkpɛn o.
Nos jeunes filles n'aiment plus porter des pagnes de dessous.;Mìwo cugbɛjɛwo de gbe lɔ̀n lè agbakpwi tàkɔ o.
Comme ça, quand la grande famine arrivera, on pourra y résister.;Nɛnɛ ɔ, nɔ shive gangan lɔ vá tó ɔ, wò a téŋ a gló shive lɔ.
Le travail a prospéré.;Edɔ lɔ mlɛ̀.
Le vieux a la peau ridée.;Gotuwo dɛ̀n ayu nɔ mɛgan lɔ.
L'enfant a été pour nous une grande aide.;Ɖevi lɔ nyí alɔdotɔ gangan nɔ mì.
La nuit est très noire.;Ʒinʒin lɔ ɖà ciɖiciɖi.
Comme le tumulte était si fort, il ne pouvait pas entendre les mots.;Shigbe lehan hanyahanya lɔ wú egan do ɛnɛ ɔ, dé tɛ́nŋ a mɔ ŋje enyɔ lɔwo mɛ o.
Jésus a dit à ses disciples la troisième fois que ;Yesu nú nɔ yi 'nukplaviwo zetɔntɔ lɔ mɔ 
Le savon a donné de mousse.;Aɖyi lɔ wà efu.
Il a encore continué qu'ils changent leurs vies et alors croient à la bonne nouvelle de Dieu.;É gbe yì ji mɔ wo lé ɖɔ̀ eli wowo 'gbenɔnɔwo keŋ a kán do Mawu 'ŋɛnyui lɔ ji.
Les accolades étaient nombreuses à la réjouissance.;Alɔkplakɔwo sù egbɔ le agɔɖuxu lɔ.
L'enfant s'est détendu comme un cadavre ;Ɖevi lɔ cuká gbɛɖɛɛ shigbe amɛkuku ɛnɛ 
Le vieux a déduit de force les dettes de son débiteur.;Mɛgan lɔ sò efɛn yi 'fɛntɔ.
Les poignets du vélo sont lisses.;Alɔluwo ɖyiɖyí nɔ keke lɔ.
Je ne comprends pas le fond de ce problème.;Ŋ de kpɔ́ dohwin nɔ enyɔ lɔ o.
La jeune poule était remplie d'oeufs en formation.;Aʒinkplɛwo ɖɔ́ exô nɔ koklo cugbi lɔ.
Le vieux est plus noir que le charbon de bois.;Mɛgan lɔ yibɔ̀ sɔwu zokan-yu.
Le manioc a été infecté par des insectes.;Kutu lɔ jè aswin.
C'est l'enfant seul que j'ai vu.;Ɖevi lɔ ɖekɛ kpaŋ yí ŋ kpɔ́.
Enfin la route se divise en deux.;Emɔ lɔ vá zɛ̀n eve.
Il est capable de faire ce travail.;É sùn edɔ lɔ ji a wà.
L'enfant s'est éraflé le front.;Ŋgonu bɔ́ nɔ ɖevi lɔ.
De jeunes gens ont encombré la voie.;Emɔ lɔ ján koɖo jajɛwo.
On les a confirmés du sceau de la bague du roi.;Wo sɔ́ efyɔ̂ lɔ 'lɔgavi jeshidwi sɔ́ ɖó ekpe wo ji.
L'esprit mauvais secoua l'homme avec force, cria fort et sortit de lui.;Gbɔngbɔnvɔn lɔ hunhún ŋsu lɔ koɖo ŋsɛn yí dó axwa cicicí yí tó le mɛ.
C'est à cause du vomissement que la femme a conduit l'enfant à l'hopital.;Alɔgbangban lɔ yí dɔ́ nyɔnu lɔ hɛ̀n ɖevi lɔ yì dotoxwe.
Si l'argent s'épuise enfin, il lui créera des ennuis.;Nɔ eho lɔ vá vɔ̀ ɔ, yi a vá wà cukaɖa koɖo eye.
Après avoir mangé, il a tout vomi.;Ci yí é ɖù enu ɖegbɔ ɔ é vì enuɖuɖu lɔ pleŋ.
 que ce vin vieillit jusqu'a fait éclater la vieille outre avec grand bruit.; vɛn lɔ shìnnɔ keke yí a wó godu xoxwi lɔ poò.
La voiture a cogné le conducteur du taxi-moto.;Ehun gblà zemijantɔ lɔ.
C'est à cause de la conception que la jeune chèvre est devenue charnue.;Agbaxoxo lɔ yí dɔ́ lanmɛ gangan nɔ gbɔgbwɛ cugbi lɔ.
La femme a donné un coup de paume de main sur les fesses de son enfant.;Nyɔnu lɔ sò akpɛ nɔ eviɛ.
Au lieu où le repas se prenait, les collecteurs d'impôts exploiteurs avec d'autres pécheurs ont mangé ensemble avec Jésus et ses disciples.;Le enuɖuxu lɔ ɔ tagajɔtɔwo amɛtafudotɔ koɖo nuvɔnwatɔ buwo dó ashi agban mɛ koɖo Yesu koɖo yi nukplaviwo.
Puisqu'il ne leur taillait pas d'inportance à cela ils sont allés raconter les faits à Hamman.;Ci yí dé vá sɔ́kɔ eɖe le mɛ nɔ we ɔ, wo vá sɔ́ enyɔ lɔ yi tó nɔ Hamanu.
La femme a donné à boire à son enfant.;Nyɔnu lɔ kpé eshi nɔ eviɛ.
Arrêtons la cassette.;Mì a ɖó ete kasɛti lɔ.
Dieu aime beaucoup l'être humain.;Mawu lɔ̀n agbetɔ zegban.
Et l'enfant s'est grand détendu comme un cadavre humain ;Ɖevi lɔ cuka gbɛɖɛɛ shigbe amɛkuku ɛnɛ 
Il est en fiançailles avec la jeune fille.;É lè aʒa mɛ koɖo cugbɛjɛ lɔ.
Sitôt que Jésus eut dit cela la maladie de la lèpre a cessé pour la personne et la peau lui devint propre et claire.;Ci yí Yesu nú ahan zeɖeka vɔ, ekpo 'dɔ lɔ mí nɔ amɛ lɔ yí gbazamɛ kɔ̀ nii petii.
Le manguier a donné des fruits au sommet.;Maŋgo lɔ sɛ́n do aɖɔ mɛ.
Elle a divisé le poisson par tranches.;É ɖè asawo nɔ kpavi lɔ.
Le manguier a produit beaucoup de (jeunes) fruits.;Maŋgo lɔ xò egbu keke.
Ils sont venus se rassembler là en si grand nombre qu'il n'y a même plus de place au dehors.;Wo vá bɔ̀ do hunnɔtɔxu lɔ gbiŋ́ keke kpɔ́ texwe de gbe lè xexenu kpetii o.
Les brins circulaires du panier se sont détachés.;Kugawo ɖè nɔ kishi lɔ.
Jésus a dit la deuxième fois qu'on va le tuer.;Yesu nú nɔ yi 'nukplaviwo zevetɔ lɔ mɔ wo a wù eye
il a commis d'adultère vis-à-vis de la femme qu'il a divorcée.; yi wa asu do nyɔnu ci yi gbé lɔ.
L'oiseau s'est posé au sommet du grand arbre.;Xevi lɔ jè aɖɔmɛ nɔ aci gangan lɔ.
Peut-il faire le travail rapidement ?;Á tɛ́n eŋ a wà edɔ lɔ alɔɖaɖɛ a?
Il a préparé les fagots de bois.;É blá nake lɔ eta, eta.
Il y a de la saleté à la surface de la plaie.;Ahɔ lè ŋmɛ nɔ abi lɔ.
Le sel restant est dans la cuisine.;Eje kpɛtɛ lɔ lè adokpatɛ mɛ.
Il a couvert la chambre d'un toit à deux pans.;É gbá exɔ lɔ zoŋgoxɔɛ.
Ils étaient rassasiés.;Xodu ɖɔ́ wo.
Puisque le champ de coton est envahi par de mauvaises herbes, on le sarclera encore.;Ci ɖeci lɔ ɖɔ́ ɔ, wo a gbe gìin.
Elle a bien attaché au dos l'enfant.;É lé klobwi ɖevi lɔ.
Jusqu'alors, le roi lui-même et Haman allèrent s'asseoir juste au moment où les habitants de la villes étaient bouleversés.;Keke hunnɔwocu ɔ, efyɔ̂ lɔ ŋtɔ koɖo Hamanu vá yi nɔ anyi gacimɛ pɛpɛpɛ yí ejudolɔmɛtɔwo xòkɔ nyanyanyà.
Il était parmi les animaux sauvages dans le désert et les serviteurs de Dieu venaient prendre soin de lui.;É lè gbemɛlanwo mɛ le zogbe lɔ ji yí Mawu 'dɔdɔviwo vá lékɔ ebe nii.
Mais ils ne vivaient pas selon les lois que lui, le roi, avait décretées.;Vɔ kpɔ́ wo de wàkɔ do ese ciwo yí eyɛ, efyɔ lɔ dó jí o.
Cet enfant va patauger dans la boue.;Ɖevi lɔ a fàn baba.
Ils sont au travail chacun.;Wo le edɔ lɔ ji amɛtɛ amɛtɛ.
Le jeune incestueux a eu honte.;Eŋ kpɛ̀n ɖajɛ aledatɔ lɔ.
L'homme prit sa natte et se dirigea vers la maison.;Ŋsu lɔ sɔ́ yi 'bá yí jè ŋkɔ axwe.
Aussitôt, le roi ôta sa bague et la remit à celui qui était l'ennemi des juifs; Haman.,Trololó ɔ, efyɔ̂ lɔ ɖè alɔgavi yitɔ yí sɔ́ jó nɔ́ amɛ ci yí nyí Yuɖatɔwo ketɔ, Hamanu.
Les gens sont encore venu en grand nombre l'encombrer.;Amowo gbe lɔ̀ ahwa vá cɔ́in.
 ils sont allé à pied jusqu'à arriver à cet endroit avant eux.; yí tɔ́ afɔ keke vá yì ɖó hunnɔtɔxu lɔ do ŋkɔ nɔ wo.
Le menuisier fabrique des tables avec méticulosité.;Kabita lɔ wànɔ ekplɔn acantɔ.
Le camion devie.;Gajahun lɔ trɔ́ xasaa.
Le peuple s'est toutefois éparpillé dans toutes les région de son royaume.;Jukɔn hunnɔ lɔ trɔgbɔ kaka do yi 'fiɔɖuxu lɔ nutuiwo pleŋ mɛ.
Les voleurs ont divisé le boeuf en trois.;Flafinɔ lɔwo xò xwenyi lɔ mɛ do amɛtɔn.
La roue du vélo est en train de tourner.;Keke 'kú lɔ ɖuɖúkɔ.
Ce sel n'a pas de goût.;Eje lɔ de sò enu o.
Le pantalon s'est décousu.;Tawi lɔ ɖè esa.
Le bracelet d'or est tellement cher à cette femme !;Shika 'lɔga lɔ vé nɔ nyɔnu lɔ haan.
Y a-t-il de la braise dans le foyer ?;Zokan lè ado lɔ mɛ a?
Le trou de l'aiguille est trop petite.;Abwi totu lɔ hwè ɖoɖu.
Quand on a tiré des coups de feu au marché, les gens se sont dispersés rapidement.;Ci yí wo dà ecu le afi lɔ mɛ ɔ, amɛwo tɔ́ shishí gìjìgìjì.
La bouteille vide s'est cassée.;Cugban tu lɔ gbàn.
C'est dans une buvette qu'il a pour la première fois vu la jeune fille.;Ahanuxu ɖeka yí é kplá yí kpɔ́ cugbejɛ lɔ le.
Cette sauce est sans goût.;Ŋtɔnu lɔ lè minimini.
 voici celui qui héritera du champ dans l'avenir.; amɛ ci a vá ɖù cinɔ nɔ agble lɔ esɔgodumɛ ke.
Cet estagnon est percé en beaucoup d'endroits.;Ganu lɔ tɔ́n yroɖoɖó.
Ils ont méconnu la loi.;Wo dà le ese lɔ ji.
La vie de débauche qu'il mène l'a rendu pauvre.;Yi 'gbeɖuɖu lɔ dɔ́ é jè abɔ.
Il a complètement brisé la moto.;É gbàn zokeke lɔ hannyahannyá.
Le chemin est tortueux.;Emɔ lɔ gɔngɔ́n.
Il a transporté les madriers à la menuiserie.;É lɔ́ gbogblo lɔwo yì acikpaxu.
 les gens transportaient des malades et venaient aux lieux de rencontre et le suppliaient d'accepter qu'ils lui touchent simplement à sa chemise.; amowo kɔ́kɔ dɔnɔwo vá egodoxuwo yí ɖèkɔ kuku nii mɔ yi lé lɔ̀n nɔ́ wo a tɔ́ alɔ awu nii kpoŋ.
Et les gens sont venus en grand nombre et de facón désordonnée l'envahir.;Eyi amowo lɔ́ ahwa hwliyoò yí vá cɔ́in.
La houe presque hors d'usage est très bonne au vieux pour le sarclage d'arachide.;Alinxi lɔ nyá aʒin gangàn nɔ mɛgan lɔ.
La pirogue veut se noyer dans l'eau.;Tɔjihun lɔ jíkɔ a nyrɔ́ do eshi mɛ.
Le vaste intérieur de la ville est bruyant.;Eju lɔ mɛ xòkɔ nyanyanyà.
Le tronc de palmier est plein de vers.;Atranwo ɖɔ́ dekpu lɔ.
L'enfant s'est grand détendu comme un cadavre humain ;Ɖevi lɔ cuka gbɛɖɛɛ shigbe amɛkuku ɛnɛ 
Il a couvert la chambre d'un toit à deux pans.;É gbá exɔ lɔ soŋgo.
Avec la viande du coq, ils ont préparé de la pâte rouge.;Wo sɔ́ koklosu lɔ ɖà amɛgban.
Kofi s'applique à ce travail.;Kofi byà ŋkuvi do edɔ lɔ.
Ce travail est important pour Kofi.;Edɔ lɔ byà ŋkuvi nɔ Kofi.
Il a rangé des épis de maïs sur le bord extérieur du grenier.;É xò aswɛ nɔ ava lɔ.
J'ai peur du dernier jour.;Ŋ vɔ́nkɔ nɔ azan cudi lɔ.
Le douxième mois; Wleci wivetɔ lɔ ɔ
Cette chanson ne me plaît pas.;Eha lɔ kɔ̀ lanmɛ nɔ ŋ ba.
Il est capable de faire ce travail.;É bí a wà edɔ lɔ.
Le voyage à Cotonou m'a été inutile.;Kutɔnu lɔ lá ŋ.
Cette personne est possédé par un esprit mauvais.;Gbɔngbɔn vɔn lè amɛ lɔ ji.
Beaucoup de personnes ont pris parti pour Kofi.;Amɛ sugbɔ le Kofi ji.
La plaie s'est élargie.;Abi lɔ ɣɔ̀.
La plaie s'est élargie.;Abi lɔ wɔ̀.
Cette personne est hors d'haleine.;Agbɔn kpé amɛ lɔ.
Cette femme porte un bébé sur le dos.;Nyɔnu lɔ kpàn evi.
Il a eu pitié en voyant cette situation.;Enyɔ lɔ kú lanmɛ nii.
Ce qu'on avait prédit concernant Kofi s'est réalisé.;Enyɔ lɔ ɖyi lè Kofi nu.
La ville a été inondée de pluie.;Eshi xɔ̀ eju lɔ.
Il est accroupi dans cette salle.;É lè sɔnsɔn le exɔ lɔ mɛ.
Ils ont abattu les herbes de la forêt.;Wo vlɔ̀ ave lɔ.
Le chien est doué de course.;Jage lɔ́nɔ eju.
Il a été écrit dans la lettre envoyée dans chaque région que les déclarations de la lettre sont comme une loi.;Wo ŋwlɛ̀ do wema ci wo sɔ́ ɖaɖa nutui ɖeka ɖeka lɔ mɛ mɔ wema lɔ mɛ 'nyɔwo lè shigbe ese ɛnɛ.
 au lieu qu'il aille dans le feu éternel avec ses deux mains.; ci yi a yì ezo mavɔ mɛ koɖo yi 'lɔ amɛve lɔwo.
Cette extermination des juifs aura lieu lorsqu'on sera à la date treize du douzième mois de l'année.;Yuɖatɔwo gugu cɛ a vá jɔ nɔ́ wo le ŋkeke witɔntɔ nɔ́ exwe wleci wivetɔ lɔ.
 que s'il les chasse hors de la personne, de ne pas les envoyer loin derrière la localité.; mɔ nɔ́ yi nyà yewo toi le amɛ lɔ mɛ ɔ, yi ŋgbe cùcù yewo ɖaɖa jinjintɔxu le eju godu o.
Finalement alors, certaines personnes existent et sont le sol fertile comme sur lequel la parole de Dieu est venue tomber;Kpɛtɛkpɛtɛ lɔ ɔ, amɛ ɖowo li yí nyí nyigban zozu cihan ji Mawu 'nyɔ lɔ vá jè.
Le jeune homme a plié la chemise.;Ɖajɛ lɔ xò awu lɔ.
Cette personne s'est fracturé un os du pied.;Afɔ ɖɔ̀ eli nɔ amɛ lɔ.
Et quand les fruits mûrissent, le semeur se met aussitôt au travail.;Eyi nɔ́ sɛnsɛ́n lɔwo ɖyì ɔ, jinukuwutɔ lɔ tɔ́nɔ edɔ ji zeɖeka.
Cela lui a donné l'impression que son enfant s'apprêtait à faire qqch.;Enu lɔ xòkɔ emla nii mɔ eviɛ jíkɔ a wà enu ɖeka.
Il y a trop de piment dans la sauce.;Besi vé deshi lɔ.
Ce maïs était incroyablement cher.;Bafo lɔ vé eho keke dé lè nunú o.
Mais selon la loi, ce sont seulement les responsables qui doivent manger de telles choses.;Vɔ ɔ, le eseci lɔ nu ɔ ŋkɔnɔtɔwo ɖekɛ yí ɖó egbe yí a ɖù enu lɔwo.
Les voleurs ont parcouru le long de la ville en l'examinant.;Flafinɔwo zɔ̀n etu etu nɔ eju lɔ yí glòi kpɔ́.
Allons voir l'enfant.;Mí ná nɔ́ mì a yì a vá yì kpɔ́ ɖevi lɔ.
Alors la fillette se tint debout aussitôt et se mit à marcher.;Eyi nyɔnuvihwɛ lɔ só jè ete zeɖeka yí tɔ́ zɔnlin zɔnzɔn.
Si tu veux faire le travail de Dieu, tu dois aller n'importe où l'Esprit te conduit.;Nɔ è jí mɔ ye a wà edɔ nɔ Mawu ɔ, è ɖó a yì fiɖekpokpwi ci yí Gbɔngbɔn lɔ nú mɔ eo lé yì.
Peu de temps après que les choses se sont passées, le roi a honoré Haman.;Ci enu lɔwo jɔ̀ vayi sabaaɖe ɔ, efyɔ lɔ vá dó bubu Hamanu nu.
Les travailleurs de la loi qui étaient assis là entrèrent un peu en eux-mêmes ;Ese 'dɔwatɔ ɖeka ciwo yí nɔ̀ nyinɔnɔ do hunnɔtɔxu lɔ yì wowoɖekiwo mɛ siinɖe 
Alors les Pharisiens sont sortis du lieu de prière et sont par la suite allés se rencontrer avec les membres de l'association d'Hérode.;Eyi Falisitɔ lɔwo tó le kwifantɔxu lɔ yí vá yì dó ego koɖo Elodi 'gbɛviwo.
Au moment où Jésus disait ces paroles à la femme, un méssage est venu de la maison à Jaïros que sa fille était morte, de ne plus déranger Jésus.;Gacimɛ yí Yesu lè enyɔ hunnɔwo núkɔ nɔ nyɔnu ɔ, eŋɛdu só axwemɛ yí vá nɔ Ʒayilɔsu mɔ eviɛ nyɔnuvi lɔ kú mɔ yi ŋgbe gbe dó aya nɔ Yesu o.
Il y a de la boue au bas de l'eau.;Baba lè gɔnmɛ nɔ eshi lɔ.
Cette réunion n'a pas eu lieu, mais puisque nous avons pu voir nos amis, ce n'était pas pour rien que nous sommes allés à Cotonou.;Mì de wà bɔbɔ lɔ o, vɔ ci yí mì kpɔ́ mìwo 'xlɔwo le enɔ ɔ, mì de yì Kutɔnu gbali o.
Cette maladie est grave.;Edɔlele lɔ ʒíin ji.
Ceux qui avaient conduit les cochons au pâturage se sont enfuis et sont allés propager la nouvelle aux gens dans les villes et dans les hameaux.;Amɛ ciwo yí kplɔ̀ eha lɔwo vá ɖugbumɛ shí yí vá yì gbàn enyɔ lɔ nɔ amowo le ejuganwo mɛ koɖo kɔxwiwo mɛ.
La femme saignait abondamment.;Ehun ŋɛŋɛ́ do nyɔnu lɔ nu.
Lorsqu'il était enfin arrivé à l'endroit, il commença à faire la prière.;Ci yí é vá yì ɖó hunnɔtɔxu lɔ ɔ, é tɔ́ kwifan wawa.
Lorsque les esprits mauvais sont entrés en eux, ils ont couru à grandes enjambées depuis la vallée de la montagne, sont tombés dans le lac et sont morts.;Ci yí gbɔngbɔn vɔn lɔwo ɖó wo mɛ vɔ, wo shí eju soso eto lɔ balimɛ hwlihwlihwli yí jè tanku lɔ mɛ yí kú.
As-tu moulu bien finement le maïs ?;È nyɔ́ bafo lɔ nywiɖe a?
Il a vendu la femelle du veau.;É sà xwenyi ashitɔ lɔ.
La vieille file le coton.;Nyɔxo lɔ trénɔ ɖeci.
Et Jésus répondu au père de l'enfant que ;Eyi Yesu ɖó nu nɔ evida lɔ mɔ 
 afin qu'on reste là-dessus pour garder le champ.; nɔ́ wo a nɔ̀nɔ tamɛ nii keŋ a cɔ́nɔ ebo lɔ.
Jésus était dans la barque par-derrière, prit un oreiller avec lequel il s'était soutenu le cou et dormait paisiblement.;Yesu lè tɔjihun lɔ mɛ le godu yí sɔ́ ekɔɖonu ɖeka ɖó ekɔ̂ yí lè alɔn dɔ́nkɔ fɛɛ̀.
Toutefois, au bas de la montagne, il y avait là certains cohons qui mangeaient.;Hunnɔtɔ ɔ, le eto lɔ gɔnmɛ ɔ, eha ɖekawo lè hunnɔ yí le enu ɖùkɔ.
Les pieds de maïs ne sont pas gros.;Afɔcimɛ de klò nɔ bafo lɔwo o.
Les épis de maïs sont gros.;Bafo lɔwo hwán.
Les dernières (tardives) semences de maïs ont manqué de pluies.;Eshi hwè do bafo ŋgbeshi lɔwo.
Les poulets se sont jetés sur le maïs.;Koklowo hlà bafo lɔ. 
La poule de Abla a creusé le maïs de Kokou;Abla kloklo ku bafo nɔ́ Kɔku.
Kokou est bouleversé;Susumε blu no Kɔku.
Abla est hypocrite;Lɛgɛdε glo Abla.
Abla a dut que la oule n'a pas creusé le maïs;Abla nú mɔ́ kloklo lɔ de ku bafo o.
Kokou est faché;Domε ve Kɔku.
Koffi a suplié Kokou;Kofi vá ble Kɔku.
Tout s'est calmé;Evu lo gu.
La paie est venue;Fafa vá.
la mort;eku
la mort est bizarre;eku dá. 
oui, la mort est bizarre;aɛ, eku gɛdɛ.
la mort prend les grands médecins;eku sɔ́ dotogan ɔ
la mort prend le charlatan;eku a sɔ́ bokonɔ.
la mort prend les riches;eku sɔ́ dɔkunɔ ɔ
la mort prend le pauvre; eku a sɔ́ abɔnɔ.
la mort prend le sorcier;eku sɔ́ etavenɔ ɔ
la mort prend le non sorcier;eku a sɔ́ etatunɔ.
la mort est taitue;eku sέn tamε.
le charlatan ne peut échapper à la mort;bokɔno de gló eku o.
le sorcier ne peut échapper à la mort;azetɔno de gló eku go.
non, le médecin ne peut échapper à la mort;oo, dotogan gló eku go.
grenier;ava
menuisier;kapita
menuisier;kabita
foulard;tabla
le vol;flafi
le vol;efififi
rapidement;kabakaba
cendre;afi
chasseur;ade
tromperie;bleble
mince;tralε
brousse;ave 
pousse-pousse;kekevi
exactement!;pεpεpε!
bénéfice;ele
ici;elε
abla est malade.;abla blé. 
afi est venue rapidement.;afi vá kaba.
c'est ici que tu es ?;elɛ è le ke a?
foyer;ado 
travail;edɔ
rêve;edrɔ
oreille;eto 
sable;ekɔ
proverbe;elo 
nid;ato 
nid;atrɔ
vaccination;abɔta
maladie;edɔ
maladie;edɔlele 
doigt;lɔvi 
puits;dotɔ
puits;etɔ
différence;vovototo
différence;evototo
le maïs est fini.;bafo lɔ vɔ.
Koffi a volé une poule.;kofi fi kloklonɔ.
parabole;labalu 
trou;edu 
ordures;kɔlu 
accident;afɔku 
respect;bubu 
chapeau;kuku 
noix de palme;deku 
mainoc;kutu 
le froid;vuvɔ
viande;elan
amour;lɔnlɔn
promenade;dandan
salive;etan 
dette;efɛn 
sommeil;alɔn
poitrine;akɔn 
lumière;klɛnklɛn
erreur;afɛn
peur;vɔnvɔn
grossesse;efufɔnfɔn
l’enfant commence à pleurer.;evi lɔ tɔ́ avin fanfan.
foie;ago 
menton;egɛn 
fesses;gogo 
bouche;aglan
peau;gotu 
fer;ega 
coude;logo 
bague;alɔgavi 
impôt;taga 
taxe;taga 
mur;egli 
là-bas;lage 
dessous;gɔnmɛ
bas;gɔnmɛ
Le chef viendra à 14 heures.;Ega lɔ a vá gave mɛ.
Kofi n'a pas payé l'impôt.; Kofi de ná taga o.
Gossou n'est pas venu à l'heure.;Gɔsu de vá dó gamε o.
Afi lui a donné deux gros ananas.;Afi ná gɔdi gangan amɛve i.
Afi a vendu deux sacs de maïs au marché.;Afi sa bafo sako amɛve le afimɛ.
La sorcière a perdu son mari.; Asu kú nɔ́ azetɔnɔ ɔ.
Kofi a dormi ici hier nuit.;Kofi dón elɛ esɔ zanmɛ.
Abla a coupé l'oignon pour le mettre dans l'huil.; Abla so sablɛ a sɔ́ dó ami mɛ.
Un malheur lui est subitement arrivé.;Ajo ɖeka sòi.
Dieu ne se réjouit pas de la malhonnêteté.;Amɛtafu de jɔ̀nɔ ejì nɔ Mawu o.
Il est bon de s'humilier.;É nyɔ́ mɔ wo a hwè amɛɖeki.
Il s'est vêtu d'un pantalon de velours.;É dó alan tawi.
Il lui faut faire une piqûre contre le tétanos.;É jè mɔ wo a dó edɔsɛnsin 'bwi nii.
En vérité, c'est du coeur de l'homme que viennent les mauvaises pensées et pousent l'individu dans les fornications, les vols, les meurtres, les méchancetés envers son prochain, les calomnies, ;Nyao ɔ, eji mɛ yí susu vɔnwo sónɔ nɔ amɛ yí cùcùnɔ amɛ do etrɛnmamawo, efififiwo, amɛwuwuwo, xomɛvevewo do amɛ nɔvi, amɛnyɔnunuwo,  mɛ.
Il a une dent sur l'autre.;É mì aɖukplɛ.
En vérité, c'est du coeur de l'homme que viennent les mauvaises pensées et pousent l'individu dans les fornications, les vols, les meurtres, ;Nyao ɔ, eji mɛ yí susu vɔnwo sónɔ nɔ amɛ yí cùcùnɔ amɛ do etrɛnmamawo, efififiwo, amɛwuwuwo mɛ.
Les exploiteurs ruineront ce pays.;Amɛbatɔwo a vɔ̀ eju cɛ.
L'artisanat procure bien de l'argent.;Alɔnudɔwawa nánɔ eho nywiɖe.
Ils sont en train de danser les mouchoirs à la main.;Wo lè ewe ɖúkɔ koɖo atraviwo le alɔ nu.
J'ai entendu son sifflement.;Ŋ sè yi 'kwilala.
Les pots d'argile ont été coloriés en rouge.;Wo dó ahwin nɔ zevi lɔwo.
Cette jeune ne prend pas de cure-dents et ses dents sont gluantes.;Cugbɛjɛvi cɛ de ɖùnɔ alo o, yí aɖuwo dó ade nii.
Ce n'est que pur mensonge !;Ŋsú aditi nɛ!
Les pions de jeu sont-ils en nombre suffisant ?;Aɖyikui lɔwo sɔ̀ egbe a?
Autrefois, on mangeait de l'igname pilée dans un bol en argile cuite.;Sasa ɔ, wo ɖùnɔ agun le agbanɖunu mɛ.
La sève de l'arbuste « adji » contient du vénin.;Aɖyi lè aji 'shi mɛ.
Désormais, ne te fache plus encore de cette manière !;Aŋɔ nà gbe dó dɔmɛzi nɛnɛ !
Il a eu une blessure à l'occiput.;É xɔ̀ akpa do aɖɔ.
Au lieu où le repas se prenait, les collecteurs d'impôts exploiteurs avec d'autres pécheurs ont mangé ensemble avec Jésus et ses disciples.;Le enuɖuxu lɔ ɔ, tagajɔtɔwo amɛtafudotɔ koɖo nuvɔnwatɔ buwo dó ashi agban mɛ koɖo Yesu koɖo yi nukplaviwo.
Les présents sont plus importants aux enfants que de l'argent.;Agbànmɛkanu lè veviɖe sɔwu eho nɔ ɖeviwo.
Et l'enfant s'est grand détendu, comme un cadavre humain ;Ɖevi lɔ cuka gbɛɖɛɛ shigbe amɛkuku ɛnɛ 
Les adeptes du fétiches « kokou » possédés sont entrés dans des jupes de raphia.;Kɔkushi lɔwo glí yí ɖó ala mɛ.
Qu'il a tellememt des dettes (à rembourser) !;Axɔwo lè ekɔ̂ nii keke ɖe!
Lorsqu'il vit Jésus, il s'agenouilla devant lui.;Ci yí é kpɔ́ Yesu ɔ, é jè eklo ji do akɔnmɛ nii.
Autrefois, tout le monde portait de cache-sexe.;Le blema ŋkekewo mɛ ɔ, amɛshyamɛ yí dónɔ avugodi.
 qu'il n'ont jamais vu nulle part quelque chose pareil à ce que Jésus a fait.; mɔ yewo de kpɔ́ enu ci yí Yesu wà cɛ hanci ɖe le fiɖekpokpwi kpɔ́ o.
C'est comme ça.;É nyí ahan.
Nous nous sommes promenés à la plage.;Mì ɖyì esâ le axutu.
 afin qu'ils aillent les verser dans les caisses de trésors du roi.; nɔ́ wo a sɔ́ wo yì kɔ̀ do efyɔ̂ dɔku 'gbawo mɛ.
Il a beaucoup de cicatrices apparentes.;Agwiwo sù egbɔ le gotu nii.
Il fait tellement de bruits que personne n'était encore capable de le lier même avec une chaîne.;É wànɔ cukaɖa keke kpɔ́ amɛɖekpokpwi de gbe sɛ́n eŋ yí a blɛ́ɛ koɖo awlɛga can kpetii o.
Aussitôt, un nuage du ciel s'est éclaté et les a envahis.;Kaaka vɔ, jeŋkwimɛ 'zɔ ɖeka gbàn blé wo.
Kodjo quant à lui n'est toujours qu'en ivresse.;Ahanumu mɛ yí Kɔjo yɛ lè tɛgbɛɛ.
Il est en train de détruire la barrière qui nous séparait.;É cukùkɔ agbo ci yí má mì mɛ.
Le ventre affamé n'a point d'otreille.;Adɔtunɔ de sènɔ tonu o.
Après avoir consommé du légume appelé « aloma », le goût devient sucré.;Nɔ́ wo ɖù alo ɖafyɔn ɖegbɔ ɔ, aglanmɛ vá vivinɔ nɔ amɛ.
Ils sont en ligne.;Wo lè agbanu.
Autrefois, on donnait les jeunes filles en mariage avec force.;Sasa ɔ, wo ɖènɔ asu akpasɛnsin tɔ̀.
Il y a une grande différence entre la chèvre et le mouton.;Akpototó gangan lè gbɔgbwɛ koɖo lɛngbɔ mɛ.
Laissez cet ivrogne !;Mí tashi ahanumutɔnɔ hunnɔtɔ !
Chapitre onze.;Eta wiɖeka.
La signature du vieux est très importante.;Mɛgan lɔ 'lɔdowemamɛ lè veviɖe.
Mais certains disent que c'est Elie ;Vɔ ɔ, amɛɖowo núkɔ mɔ Eli yɔ 
Mais si lui et ses disciples seuls par la suite sont à quelque part, il la leur explique.;Vɔ ɔ, nɔ́ yi koɖo yi nukplaviwo ɖekɛ vá lè fiɖe ɔ, é ɖènɔ yi gɔnmɛ nɔ wo.
Jésus leur a dit  qu'ils iront à quelque part d'autre.;Yesu nú nɔ wo mɔ  yewo a yì fibu.
La terre est une oeuvre manuelle de Dieu.;Nyigban nyí Mawu 'shinu 'dɔwawa.
 qu'il doit oublier ses propres désirs et se charger de sa croix et le suivre.; yi ɖó a ŋlɔbe yiŋtɔ 'drowo yí a dró yi 'cisosa keŋ yí a kplɔ̀ eye do.
Dieu est tout-puissant.;Acɛnɔ gangan yí Mawu nyí.
Les chiots sont en train d'aboyer.;Avuvi lɔwo wókɔ.
Elle commence à devenir plus arrogante.;É tɔ́ aglasu trɔtrɔ́ do ji.
 que ce ne pas pour le salut des justes qu'il est venu, mais que c'est pour le salut des pécheurs qu'il est venu.; mɔ gbe dé nyí amɛjɔjwɛ wo hwlɛngan gbé yí ye vá o , vɔ ɔ, nuvɔnwatɔwo hwlɛngan gbé yí ye vá.
Parabole au sujet de l'arbre dont le fruit est plus petit que les autres.;Labalu soso aciku ci yí wli eku sɔwu kpɛtɛwo nu.
Au moment où Xerxès faisait exactement douze ans sur le trône royal,;Hwecinu yí efyɔ̂ Zɛzɛsu wàkɔ exwe wive pɛpɛpɛ le efyɔ̂ ʒinkpin ji ɔ, 
Les médecins lui ont dit que son sperme est trop fluide.;Dotowo nú nii mɔ gbe yi 'fɔna lɔ loló ɖoɖu.
Nombreux sont ceux qui ont peur des génies.;Amɛ sugbɔwo vɔ́nnɔ nɔ́ agɛ.
Il est plus ou moins mort.;É lè agbeboɖo.
J'ai très mal au ventre (lit: ventre me mord).;Adɔmɛ klàlɛ́ ɖuɖù ŋ.
La souffrance devient de trop sur la terre.;Ayaʒiʒi vá lè egan wúkɔ le nyigban ji.
La souffrance s'accroit sur la terre.;Ayaɖuɖu vá lè egan wúkɔ le nyigban ji.
C'est comme ça qu'on prépare la pâte.;Ahan wo ɖànɔ kunmɛ nɛ.
Au treizième jour du premier mois de l'année, ;Ci wo le ŋkeke witɔntɔ lɔ nɔ́ exwe wleci ŋkɔtɔ lɔ ɔ, 
la plaie est grande;abi lɔ gangan
Voici mon bic. Où est le tien ?;Anyi wemaci ke. Fini aotɔ lè ɔ?
Il est arriéré.;Ahlɔngbɔ kú nii.
Car tout le monde était bouleversé.;Ɖo ɔ, amowo pleŋ caka.
Voiture qui ne vaut rien.;Ehun ade xlanŋxlanŋ.
C'est quand le jour du marché ?;Gbinni yí a nyí afigbe ɔ ?
Laissez ces prostituées !;Mí tashi nyɔnu asuwatɔ hunnɔtɔwo!
Le dieu fabuleux a fait peur à la fille dans le conte.;Acivoju dó vɔnvɔn nɔ nyɔnuvi lɔ le druvi lɔ mɛ.
Ce blanc parle la langue adja comme les ressortissants de la ville de Tado.;Yovo cɛ dónɔ ajagbe shigbe Tadotɔwo ɛnɛ.
Moïse était un bègue.;Moyizi nyí aɖekukutɔnɔ.
Il est venu nous surprendre de façon inopinée.;É vá sò mì do le avomɛ.
 et qu'il sera en train de grincer des dentd ; yí yi a lè aɖukli ɖùkɔ 
J'irai vendre des oranges au petit marché.;Na yì sà ŋciwo le agbo ji.
Êtes-vous bien allés ce jour-là ?;Mí yì azangbe lɔ nywiɖe a?
Il y a encore de véritables tisserands au nord de notre pays.;Avɔnlɔntɔ adodwiwo gbe kpɔtɔ lè tagbe nɔ mìwo 'ju.
Et Jésus leur dit que si quelqu'un de familier dit quelque chose, d'habitude on n'y croit pas.;Eyi Yesu nú nɔ wo mɔ gbe amɛnyanyi de núini nɔ amɛ yí wo sɔ́ɛni o.
Les poils de ce chien sont remplis de poux.;Axɔwo ɖɔ́ efuwo nɔ avu cɛ.
Ce n'est pas tout qui se dit en public.;Avu de nyɛ̀nɔ emi dó ahwadomɛ o.
L'ail est un condiment important pour les jours de fête.;Ayo nyí ɖadonu vevi nɔ exwegbewo.
Celui qui donne sa fille en mariage à l'oiseau chanteur ne souffre plus d'un manque de chants.;Wo de ná evi alwɛ yi gbe ʒìnɔ eha 'ya o.
Kofi est riche.;Alɔmɛ lè Kofi 'shi.
Ceux qui veulent qu'on vote pour eux ne tiennent pas promesse.;Aɖemɛ yí amɛ ciwo yí jí mɔ wo lé dà akɔ nɔ yewo le.
Cet enfant viveur n'a pas d'avenir.;Ɖevi agbeɖutɔ cɛ da vá nyí amɛ o.
Les petits enfants ont peur des grandes forêts.;Avesu ɖyìnɔ vɔnvɔn nɔ ɖevihwɛwo.
J'ai entendu son sifflement.;Ŋ sè yi 'kwí.
Il apparaîtra au grand jour.;Á vá zé agbaŋgba.
Il a mal aux dents et s'est rendu chez le dentiste.;Aɖu ɖùikɔ yí é yì aɖudɔwatɔ gbɔ.
On doit gongonner pour le publier à tout le monde.;Wo ɖó egbe a ɖó egà a drɛ́ɛ nɔ amɛshamɛ.
L'eau de la gouttière se boit dans les campagnes.;Wo nùnɔ atrɔ 'shu le kɔxwiwo mɛ.
Attendre les autres ne fait pas progresser.;Aɖyiɖoɖo de kplɔnɔ amɛ yì ŋkɔ o.
que ce ne pas pour le salut des justes qu'il est venu, mais que c'est pour le salut des pécheurs qu'il est venu.; mɔ gbe dé nyí amɛjɔjwɛ wo hwlɛngan gbé yí ye vá o, vɔ ɔ, nuvɔnwatɔwo hwlɛngan gbé yí ye vá.
n'importe qui;amɛɖekpokpwi
chacun;amɛɖekpokpwi
personne;amɛɖekpokpwi
hanche;alin
reins;alin
lombes;alin
nudité;ahemɛ
surprise désagréable;ahemɛ
effort;agbla
tour de hanche;alinka
pied;afɔ
patte;afɔ
jambe;afɔ
élan;afɔ
cours d'évolution;afɔ
pied (mesure de longueur);afɔ
bûcheron;acisotɔ
sueur;ade
transpiration;ade
sève;ade
liquide gluant;ade
bave;ade
pygmée;amɛ xokpɛn
nain;amɛ xokpɛn
agresseur;amɛjijetɔ
malfrat;amɛjijetɔ
femme feconde;ajiwonɔ
mère d'enfants;ajiwonɔ
terme d'éloge à une fille;ajiwonɔ
uniforme (habillement);aŋko
désormais;aŋɔ
marin;axuji 'dɔwatɔ
marchandage;afidodo
humilité;amɛɖekisɔhwe
politesse;amɛɖekisɔhwe
soumission;amɛɖekisɔhwe
comportement;adɛn
habitude;adɛn
tempérament;adɛn
technicien;aɖaŋuwatɔ
indigo;aho
bleu;aho
teinture;aho
station-service;amijexu
beaucoup ne sont pas venus.;amɛ egban ɖe de vá o
médisance;amɛ 'nyɔ
malheur prompt;ajo
accident;ajo
muet;aɖecucutɔnɔ
pleur;avinfanfan
lamentation;avinfanfan
incestueux;alenɔ
coupable d'inceste;alenɔ
ligne;agba
rangée;agba
queue;agba
bidon;aŋɔgu
gobelet;aŋɔgu
tissu;avɔn
étoffe;avɔn
pagne;avɔn
drap;avɔn
bord;aga
côté;aga
de côté;aga
neuvième;amashiɖekɛtɔ
tracteur agricole;agbledehun
indépendance;ablɔɖe
autonomie;ablɔɖe
liberté;ablɔɖe
animal domestique;axwemɛ 'lan
marqueur de buts;agɛdotɔ
buteur;agɛdotɔ
autochtone;axwemu
quelqu’un de bien connu;axwemu
quartier;axwenu
être fabuleux;aziza
nain;aziza
pygmée;aziza
expectative;aɖyiɖoɖo
un géant;amɛyiji
mâchoire;aglanxu
bracelet pour poignet;alɔga
bague;alɔga
conseil;aɖaŋɖoɖo
suggestion;aɖaŋɖoɖo
technique;aɖaŋɖoɖo
ingéniosité;aɖaŋɖoɖo
sagacité;aɖaŋɖoɖo
scrupule;aɖaŋɖoɖo
jeep;avohun
quelqu'un d'autre;amɛbu
autrui;amɛbu
sorcellerie;aze
sorcier;aze
sorcière;aze
ventilateur;ayananu
laxatif;asra
purge;asra
purgatif;asra
voisin;axwexatɔ
tamis;atɛ
étagère;atɛ
étalage;atɛ
personne maligne;ayetɔnɔ
personne prudente;ayetɔnɔ
hypocrite;ayetɔnɔ
vie;agbe
énergie;agbe
existence;agbe
environ;akɔ
région;akɔ
quartier;akɔ
localité;akɔ
cadeau;ajɔ
offrande;ajɔ
récompense;ajɔ
prix;ajɔ
Maman;Aye
mâle;asutɔ
architecte;aɖaŋtɔnɔ
expert;aɖaŋtɔnɔ
mon beau-frère;ashinyɛgan
lieu de distillerie;ahaɖaxu
brasserie;ahaɖaxu
arabe;alabu
occiput;aɖɔ
crâne;aɖɔ
nuque;aɖɔ
exploiteur;amɛtafudotɔ
spoliateur;amɛtafudotɔ
fraudeur;amɛtafudotɔ
tricheur;amɛtafudotɔ
égoïsme;amɛtɔmanyɔ
égocentrisme;amɛtɔmanyɔ
flot de la mer;axu 'goɖeɖe
cadeau;agbànmɛkanu
présents;agbànmɛkanu
douillet;avinwatɔ
chatouilleux;avinwatɔ
pleurnichard;avinwatɔ
cri;axwa
chahut;axwa
bruit;axwa
vacarme;axwa
inhumation;amɛɖyiɖyi
enterrement d'un défunt;amɛɖyiɖyi
pas;afɔɖeɖe
étape;afɔɖeɖe
marche;afɔɖeɖe
verset;afɔɖeɖe
armée;ahwakɔn
troupe;ahwakɔn
légion;ahwakɔn
foule;ahwakɔn
cadavre humain;amɛkuku
cicatrice des joues;ala
raphia;ala
jupe de raphia;ala
dette;axɔ
fiancée;aʒa
fiançailles;aʒa
scieur;acizɛntɔ
charbonnier;akantɔ
branche (d'arbre);aba
pouvoir;acɛ
autorité;acɛ
droit;acɛ
adultère;amɛbushixɔxɔ
placenta;axwenɔ
oeuf en formation;aʒinkplɛ
chirrurgien;amɛzɛntɔ
seringue;abwidonu
suicide;amɛɖeki wuwù
marchandise;ajɔnu
quadrupède;afɔ amɛnɛnɔ
malhonnêteté;amɛtafu
injustice;amɛtafu
tricherie;amɛtafu
dessus du pied;afɔta
orgueilleux;aglocutɔ
vaniteux;aglocutɔ
bourgeon de palmier;azàn
astuce;ayejeje
prudence;ayejeje
précaution;ayejeje
ferme;agblemɛ
champ;agblemɛ
rivage;agonu
vent;ayaxoxo
unijambiste;afɔɖekanɔ
handball;alɔbɔlu
changement;alɔtrɔtrɔ
amélioration;alɔtrɔtrɔ
patrie;amɛŋtɔ 'xwé
soi-même;amɛɖeki
peintre;aŋɔshitɔ
tissu épais;alan
velours;alan
personne;amɛ
bonhomme;amɛ
individu;amɛ
inverse;ashisutɔ
contraire;ashisutɔ
agriculture;agble
champ;agble
football;afɔbɔlu
raffinerie;amiɖaxu
huilerie;amiɖaxu
indolence;axla
manque de ponctualité;axla
nonchalance;axla
lenteur;axla
boisson;aha
vin;aha
liqueur;aha
accolade;alɔkplakɔ
infection des tubercules;aswin
fantôme;aʒiza
démon;aʒiza
mâne;aʒiza
revenant;aʒiza
brancard;agba7
boisson sucrée;aha vivi
limonade;aha vivi
foule;amɛ sugbɔsugbɔwo
troupe;amɛ sugbɔsugbɔwo
malin;ayetɔ
hypocrite;ayetɔ
véritable;aditi
de haut rang;aditi
pygmée;amɛ takpui
nain;amɛ takpui
transporteur;agbansɔtɔ
boisson sucrée;ahavivi
limonade;ahavivi
sacrificateur;avɔnsatɔ
prêtre;avɔnsatɔ
lampe-tempête;alɔnu kaɖigban
monture;akpablabla
carquois;ahwagodu
cabinet;adadu
latrines;adadu
W.C;adadu
maux de reins;alindɔ
Afrique;Afliki
pot d'huile;amize
bol en argile cuite;agbanɖunu
foyer (traditionnel);ado
four;ado
fourneau;ado
servieteur;ahwavi
disciple;ahwavi
sexe;amamɛ
nudité;amamɛ
partie exclue;azɔge
lieu éloigné;azɔge
à l'écart;azɔge
galeux;axwlanɔ
égoïsme;amɛtɔmanyui
égocentrisme;amɛtɔmanyui
variété d'arbuste;aji
fiancée;aʒavi
maîtresse;aʒavi
concubine;aʒavi
ronde;ajatɛn
cercle;ajatɛn
arène;ajatɛn
injure;amɛ gbaligbalí
insulte;amɛ gbaligbalí
mépris;amɛ gbaligbalí
autel;avɔnsakpoɖu
assassin;amɛwutɔ
meurtrier;amɛwutɔ
vingt-huit;amɛvetolegbanmɛ
bouton (de vêtement);awukpe
Occident;ablɔci
Europe;ablɔci
personne blanche;ablɔci
variété de perle;agu
vendeur de boissons;ahasatɔ
barman;ahasatɔ
affamé;adɔtunɔ
voisin;axwelike
sorte de légume à goût amer;aloma
tentateur;amɛdotɔ
provocateur;amɛdotɔ
océan;axu
mer;axu
mer;axu
chargement;agbandodo
seul;akogu
unique;akogu
solitaire;akogu
solitude;akogu
quinzième;amɛwyatɔntɔ
ingratitude;akpemadomado
exhibition;asɛdodo
révélation;asɛdodo
parution;asɛdodo
présentation;asɛdodo
côté;akpa
de côté;akpa
page;akpa
portion;akpa
chose qui fait sortir la fumée;azɔtonu
garde-forestier;avejikpɔtɔ
début de conception;agbaxoxo
fétiche du foyer;axwelu
coup de paume sur les fesses d'un enfant;akpɛ
pouvoir;agan
force;agan
puissance;agan
santé;agan
compatriote;axwevi
concitoyen;axwevi
citoyen;axwevi
confirmation;ashidadoji
imposition des mains;ashidadoji
en même temps;agbanu
à la fois;agbanu
en ligne;agbanu
rivave;agotu
manuscrit;alɔnuŋlɔɛŋlɔɛ
anthropophage;amɛlanɖutɔ
guerre;ahwawawa
bataille;ahwawawa
combat;ahwawawa
conflit;ahwawawa
hostilité;ahwawawa
alcool;ahasɛnŋsɛnŋ
eau-de-vie;ahasɛnŋsɛnŋ
gardien;agbojikpɔtɔ
concierge;agbojikpɔtɔ
offense;agɔ
transgression;agɔ
péché;agɔ
vice;agɔ
dignité;amɛnyinyí
noblesse;amɛnyinyí
accident;afɔku
malheur;afɔku
danger;afɔku
désastre;afɔku
précaution;ayetretre
ruse;ayetretre
novice;amɛ yoyu
slogan;adankankan 'nyɔ
peau;akpa
écorce;akpa
cosse;akpa
carapace;akpa
coquille;akpa
gaine, étui;akpa
pochette;akpa
trousse;akpa
pneu;akpa
injure;amɛzuzu
insulte;amɛzuzu
main;ashinu
manuel;ashinu
pygmée;amɛ batui
nain;amɛ batui
acclamation;akpexoxo
applaudissement;akpexoxo
grue;agbankɔyiji macinni
monte-charge;agbankɔyiji macinni
fraîcheur;ayafafɛ
nuance;acan
méticulosité;acan
sorte de danse faite avec finesse;acan
se généralise en démontrant tout ce qui est d'excellente qualité;acan
commerce;ajɔdodo
entreprise;ajɔdodo
lance;aŋgu
sperme;afɔna
éjaculation;afɔna
colonne vertébrale;ajamɛ
torse;ajamɛ
génie;agɛ
score;agɛ
but;agɛ
ergot;ayra
éperon (de coq);ayra
écureuil;adɔ
état d'être bredouille;agba
avoir les mains vides;agba
état d'être presque mort;agbeboɖo
ortie;azɔ
ventre;adɔmɛ
piège en fil;aŋ
flèche;aŋ
corde entrelacée de cauris pour divination ;akplɛ
pierre d'achoppement;afɔklɛnnu
obstacle;afɔklɛnnu
souffrance;ayaʒiʒi
misère;ayaʒiʒi
souffrance;aya
misère;aya
souffrance;ayaɖuɖu
misère;ayaɖuɖu
pâte de maïs fermentée et sucrée;ablo
char;ahwahun
véhicule militaire;ahwahun
celui qui teste;amɛdokpɔtɔ
tentateur;amɛdokpɔtɔ
voilà comment;ahan nɛ
cuisse;atakpaɖakpa
cuisse;aku
jambe;aku
cuisse;ata
jambe;ata
troisième;amɛtɔntɔ
tiers;amɛtɔntɔ
treize;amɛwitɔn
ruse;ayemɛnu
hypocrisie;ayemɛnu
tromperie;ayemɛnu
gibecière;ade godu
testicule;axuku
vaccin;abwidoɖɛ
balcon;ayaxoxu
lieu d'aération;ayaxoxu
chaînette;awlɛvi
famine;adɔtotwi
rônier;agɔci
vomissement;alɔgbangban
douillet;avingu
chatouilleux;avingu
tromperie;amɛbleblè
duperie;amɛbleblè
hypocrisie;amɛbleblè
manque d'attention;ayemaje
imprudence;ayemaje
insouciance;ayemaje
envahisseur;amɛbujuxɔtɔ
bras;aba
branche (d'arbre);aba
vénéneux;aɖyinɔ
menstruation;amɛɖekikpɔkpɔ
règles;amɛɖekikpɔkpɔ
variété de tomate;axugbo
accident;awobi
danger;awobi
malheur;awobi
désastre;awobi
karité (arbre);ayɔci
Allemagne;Alemanyi 'ju
manchot;abɔɖekanɔ
pion de jeu;aɖyikwi
aspirine;ashipelinu
provocation;adrɛn
affront;adrɛn
espièglerie;adrɛn
querelle;adrɛn
voisin;axomu
connaissance;axomu
quelqu’un qui est bien connu de soi;axomu
écureuil;aŋwamɛdɔfi
manche;alɔlu
anse;alɔlu
poignet;alɔlu
mauvaise chose;aʒi
entêtement;aʒi
désobéissance;aʒi
mari;asu
époux;asu
mâle;asu
cheville;afɔcikwɛ
américain;amɛlikitɔ
conseil;aɖaŋɖeɖe
méticulosité;aɖaŋɖeɖe
suggestion;aɖaŋɖeɖe
maître;axwetɔ
chef de famille;axwetɔ
patron;axwetɔ
responsable;axwetɔ
prorpiétaire;axwetɔ
seigneur;axwetɔ
objet de beauté;acɔɖonu
surveillant;amɛcɔtɔ
moqueur;amɛkòtɔ
taquin;amɛkòtɔ
amuseur;amɛkòtɔ
comédien;amɛkòtɔ
ménage;axwemɛ 'dɔwawa
soixante-dix;amɛwo-tole-ka-ve-mɛ
gens;amɛwo-tole-ka-ve-mɛ
personnes;amɛwo-tole-ka-ve-mɛ
population;amɛwo-tole-ka-ve-mɛ
haricot blanc;azayu
pomme sauvage;atɔ
aile;awa
aile (d'un bâtiment);awa
cuillère en bois;agbli
louche végétale;agbli
blessure;abi
blessure;akpa
plaie;akpa
blessure;abikpa
cicatrice;abikpa
poignet;alɔkwɛ
oui;aɛ
marque une question qui se répond par oui ou non;a
beau-frère;ashihwɛ
belle-soeur;ashihwɛ
le tien;aotɔ
la tienne;aotɔ
gaspillage;ahɛndodo
destruction;ahɛndodo
décadence;ahɛndodo
sorte de noix de cola;avi
beau-frère (plus âgé que la femme);ashigan ŋsù
question difficile;avoka
enigme;avoka
devinette;avoka
saleté de plaie;ahɔ
somnolence;alɔndɔndɔn
assoupissement;alɔndɔndɔn
cuisine;adokpatɛ
en zigzag;akpa akpa
alcool;aha sɛnŋsɛnŋ
eau-de-vie;aha sɛnŋsɛnŋ
brousse;ave mɛ
forêt;ave mɛ
jungle;ave mɛ
raphia;alaci
grand arbre;acisu
porte-feuilles;akpovi
pochette;akpovi
trousse;akpovi
saoulerie;ahamumu
ivresse;ahamumu
dix;amɛwo
pistolet;akpomɛ 'cu
revolver;akpomɛ 'cu
date;azan
jour;azan
délire;avodada
erreur;avodada
transgression;avodada
faute;avodada
péché;avodada
iniquité;avodada
rebellion;aglajeje
soulèvement;aglajeje
benjamin;adɔkwlɛ
dernier-né;adɔkwlɛ
feuille (d'arbre);ama
légume;ama
vie;agbenɔnɔ
existence;agbenɔnɔ
durée de vie;agbezan
hamac;akpɔn
civière;akpɔn
foie;ago
vivant;agbeagbe
vivant;agbuagbu
langue locale;axwegbe
pantalon;atatrala
immoralité sexuelle masculine;amɛɖeɖe
tableau de jeu;aɖyitu
mars;agɔmakplɔɛ
jour de marché;afigbe
marchepied;afɔɖojinu
natte;afɔɖojinu
commerçant;ajɔtɔ
marchand;ajɔtɔ
commerçant;ajɔdotɔ
marchand;ajɔdotɔ
marchand;afisatɔ
commerçant;afisatɔ
hochet en métal;asan
castagnette;asan
moisissure de couleur verdâtre;amlɔ
poche pour l'argent;aki
moustique;amwi
rouleau anti-moustiques;amwicike
mère;ajiwonɔ
belle-mère;ashinɔ
plaie+pansement;abiblablá
enchanteur;azɔnɖatɔ
avocat;amɛtahwlɛntɔ
défenseur;amɛtahwlɛntɔ
foulard;atra
mouchoir de tête;atra
erreur;afɛn
faute;afɛn
tort;afɛn
saleté;afɛn
pommier;atɔci
chantier d'extraction de vin;ahamɛ
aiguille;abwi
saphir;abwi
séringue;abwi
eau de vaccination;abɔtashi
grabat;agbaci
civière;agbaci
brancard;agbaci
hypocrite;amɛflutɔ
défunt;amɛtrɔdo
tranche;asa
partie;asa
portion;asa
baguette;acivi
bâton;acivi
manche;acivi
pieu;acivi
piquet;acivi
guerrier;ahwaga
chef de guerre;ahwaga
officier;ahwaga
côté;akpaxwe
compartiment;akpaxwe
élément;akpaxwe
lot;akpaxwe
partie;akpaxwe
séquence;akpaxwe
set;akpaxwe
direction;akpaxwe
estomac;adɔ
intestin;adɔ
viscère;adɔ
surnom;adan ŋkɔ́
humilité;amɛɖekihwehwe
déférence;amɛɖekihwehwe
soumission;amɛɖekihwehwe
sorte d'arbuste;abɔxa
épaule;abɔta
faucille;aɖa
chemin caché;ablimɔ
signature;alɔdowemamɛ
silence;axwɛlele
silence;acileje
six;amadɛn
six;adɛn
seize;amɛwyadɛn
sixième;amadɛntɔ
sixième;adɛntɔ
manche de chemise;awubɔ
petit piment;ahwɛ
petit;ahwɛ
escargot;abɔ
pauvreté;abɔ
misère;abɔ
machin;amɛleli
telle personne;amɛleli
savon;aɖyi
boisson non-alcoolisée;aha vivi
du dessous des pieds;afɔɖoji
plante de pied;afɔkpabwi
certains;amɛɖowo
quelque part;afiɖowo
quelque part;afiɖe
nulle part;afiɖe
un autre endroit;afibu
sorcier;azetɔnɔ
sorcière;azetɔnɔ
sorcier;azetɔ
sorcière;azetɔ
maison;axomɛ
demeure;axomɛ
résidence;axomɛ
humanité;agbetɔ(vi)
gent;agbetɔ(vi)
race humaine;agbetɔ(vi)
siffleur de sifflet;akwɛxutɔ
arbitre;akwɛxutɔ
agression;amɛjijeje
attaque;amɛjijeje
camion;agbanlɔhun
pondaison d'oeuf.;aʒìnɖoɖó
être humain;agbetɔ
personne;agbetɔ
bonhomme;agbetɔ
sifflement;akwilala
marchandise;afinu
dialecte;akɔtagbe
astuce;ayemɛ 'mɔ
variété d'arbuste;ahwin
cri;axwadodo
bruit;axwadodo
lieu d'extraction de vin;ahaɖoxu
méfiance;ayejinɔnɔ
éveil;ayejinɔnɔ
garde;ayejinɔnɔ
prudence;ayejinɔnɔ
chaîne;awlɛka
fétiche Sakpata;azɔn
défunt;amɛyinugbe
forêt sacrée;avevɔin
sternum;akɔntaxu
huile corporelle;amishishi
pommade;amishishi
parfum;amishishi
clavicule;abɔtaxu
ceux du (même) ménage (que soi);axomɛtɔwo
trois;amɛtɔn
orteil;afɔvi
langue;aɖe
flamme;aɖe
dent;aɖu
crieur public;axwaɖetɔ
trace;afli
signe;afli
guérisseur traditionnel;amawatɔ
herboriste;amawatɔ
savon artisanal;akɔɖyi
traitre;amɛsatɔ
espion;amɛsatɔ
arbre;aci
bois;aci
arbre;aciku
fruit;aciku
tronc d'arbre;acikpu
personne malhonnête;ahiʒitɔnɔ
filou;ahiʒitɔnɔ
enfant provocateur;adrɛnnyavi
douze;amɛwive
vingt;amɛwi
vingt-cinq;amɛwivɔn-atɔn
vingt-quatre;amɛwivɔnnɛ
vingt-trois;amɛwivɔntɔn
vingt-deux;amɛwivɔnve
deux;amɛve
unité de mesure pour le tissu égale à deux yards;abɔ
espèce de haricot;aʒingoɖokwin
rônier;agɔ
borasse;agɔ
variété de mouton de grande taille;ayɔgbɔ
petits bâtons roulés composés de pâte de farine de maïs frite;aciaci
espèce de plante rampante épineuse;aŋwa
ronce;aŋwa
espèce d'arbre qui produit des feuilles aigres comestibles;alo
espèce d'arbre;acanci
faux acajoutier;acanci
hululation;abobo
union de différents clans ou ethnies;akɔjɔkpli
jour quelconque;azangbe
jusqu'à ce que;a sɔ́ ná hwecinu
vaccination;abɔta
vaccin;abɔta
venin;aɖyi
poison;aɖyi
visite;amɛyɔyɔkpɔ
dieu voju;aɖa
pleurs;avin
cri de douleur;avin
tisserand;avɔnlɔntɔ
mariage;asuɖeɖe
de la perspective de l'épouse;asuɖeɖe
mariage d'un point de vue religieux;alɔlele
implique l'intention d'être monogame;alɔlele
endroit où se passe le mariage;alɔlexu
quelqu'un de familier;amɛnyanyi
roue;aku
pneu;aku
quand;agacimɛ
en mangeant;a sɔ́ ɖuɖù enu
en attendant;a sɔ́ nɔ̀ ete kpɔ́
en marchant;a sɔ́ zɔnzɔ̀n zɔnlin
sifflet;akwɛ
quarante;amɛka
quatre;amɛnɛ
quatorze;amɛwinɛ
arachides fraîches;aʒin fanfàn
casse-croûte sucrée fait avec farine de blé;acɔnmɔ
grenouille;aji
fruit;acikusɛnsɛn
domino;aɖyi
ail;ayo
portail;agbo
entrée;agbo
dent incisive;aɖu ŋkɔtɔ
engrenage;aɖu ŋkɔtɔ
spectre;amlima
monstre;amlima
gouvernement;axɔsu
grâce;amɛnuveve
grenier;ava
invité;amɛkpekpe
ver de Guinée;atwɛ
main;alɔ
main;ashi
régime (de bananes);asra
poignée;alɔkpakpɛ
bouchée;alɔkpakpɛ
poignée;alɔtu
bouchée;alɔtu
lièvre;azwi
il est hors de soi;aye gbàn do nii
talon;afɔŋgwinu
belle-mère;asunɔ
bouche;aglan
grand frère/grande soeur de ma femme;ashinyɛgan
nu;ama ama
nid;atɔ
nid;atrɔ
neuf;amashiɖekɛ
neuf;ashiɖekɛ
dix-neuf;amɛwyashiɖekɛ
sans valeur;ade xlanŋxlanŋ
quelqu’un;amɛɖe
personne;amɛɖe
novembre;ajakɔse
nulle part;afiɖekɛ
nudité;ama
faux acajou ou anacarde;acan
obstacle;afɔbli
huile;ami
graisse;ami
enfant unique;ajiɖekɛlenɔkɔ
opposé;ashisu
rival;ashisu
ou;abi
ou;alo
ou bien;alo
ou;abi o
nécessaire dans une question qui oppose deux choses;abi o
ou;alo o
nécessaire dans une question qui oppose deux choses;alo o
qn est furieux;adan ɖó amɛ ji
cri;adan ɖó amɛ ji
oiseau sorcier;azexi
hibou;azexi
guide;amɛkplɔtɔ
leader;amɛkplɔtɔ
taille;alinmɛ
reins;alinmɛ
hanche;alinmɛ
tour de hanche;alinmɛ
cerveau;ahlɔn
cervelle;ahlɔn
moelle;ahlɔn
ressources financières;alɔmɛ
acclamation;alɔmɛ
applaudissement;alɔmɛ
Angleterre;Anŋgletɛ
des gens de valeur;agbetɔ eklogan ekloganwo
virginité;alɔjinɔnɔ
fidélité;alɔjinɔnɔ
chasteté;alɔjinɔnɔ
nu;amama
nudité;amama
général d'armée;ahwaga gangan
boubou;awu lɛgbɛ
robe;awu lɛgbɛ
soutane;awu lɛgbɛ
qui promet sans tenir;aɖemɛ
quadrupède;afɔ enɛnɔ
adulte;amɛ shinshin
doyen;amɛ shinshin
vétéran;amɛ shinshin
vieillard;amɛ shinshin
vieux;amɛ shinshin
heureux, bienheureux;agbeɖutɔ
viveur;agbeɖutɔ
pauvreté;abɔjeje
misère;abɔjeje
côté;axamɛ
flanc;axamɛ
envoyé;amɛdɔdɔ
apôtre;amɛdɔdɔ
messager;amɛdɔdɔ
ambassadeur;amɛdɔdɔ
chacun;amɛshamɛ
n'importe qui;amɛshamɛ
tout le monde;amɛshamɛ
chacun pour soi;amɛtɛ
adultère;aledatɔ
incestueux;aledatɔ
pouvoir;acɛkpakpa
autorité;acɛkpakpa
administration;acɛkpakpa
droit;acɛkpakpa
fermier;agbledetɔ
cultivateur;agbledetɔ
paysan;agbledetɔ
agriculteur;agbledetɔ
puissant;acɛnɔ
prêtre;adraɖetɔ
sacrificateur;adraɖetɔ
profit;ale
bénéfice;ale
nom propre de personne;Abla
vision prophétique;avimɛnu
provocation;amɛvyɔnvyɔn
chiot;avuvi
chevron;agbaci
poutre;agbaci
rat;aglo
fait d'être prêt;aceji
rebellion;agla
arrogant;aglasu
téméraire;aglasu
pâte rouge;amiwɔ
quelqu’un de la même famille;amɛɖekɛ
personne respectable;amɛjɔamɛ
repos;agbɔn
devinette;ajo
droit;acɛɖoɖo
bague;alɔgavi
anneau;alɔgavi
rivaux;ashisunɔwo
opposés;ashisunɔwo
arachides rôties;aʒin tɔtɔ̀
plafond;agba
impolitesse;amɛmabu
sacrifice;avɔnsa
offrande;avɔnsa
sacrifice;adra
offrande;adra
poitrine;akɔnnu
enfant;aji
client;afishinɔ
tissu;avɔ
pagne;avɔ
nuage;aʒizɔ
fumée;aʒizɔ
chant du coq;atɔ
peigne;aya
crête (de coq);ade
consolateur;akɔnfatɔ
commerce;ajɔ
bourgeois;amɛ gbali
conjonctivite;apolo
consolation;akɔnfafa
réconfort;akɔnfafa
pâte;amɛ
coin;agin
crabe;aglan
personne prudente;ayejetɔ
personne maligne;ayejetɔ
croix;acisosa
croix;acisoga
foule;amɛ ahwa
échanson;ahakutɔ
papa;ada
Papa;ada
obscurité;ablu
confusion;ablu
lendemain du jour du marché;afiɖyiŋke
la pâte d'hier;amɛshu
parure;acɔ
beauté;acɔ
habillement;acɔ
personne vivante;amɛlagbu
pou;axɔ
puce;axɔ
exclamation pour attirer l'attention;agoò
ingrat;akpemadotɔ́
jouisseur;agɔɖutɔ
viveur;agɔɖutɔ
buffle;agbo
bélier;agbo
bélier;agbo
hypothèque;awoba
gage;awoba
garantie;awoba
objet que l'on utilise pour s'acquitter d'une dette;awoba
en public;ahwadomɛ
entreprise;ajɔxwe
maison de commerce;ajɔxwe
bonheur;agbeɖuɖu
vie de débauche;agbeɖuɖu
menuiserie;acikpaxu
bord;agoji
rive;agoji
cerveau;ahlɔngbɔ
cervelle;ahlɔngbɔ
chien mâle;avusu
avec force;akpasɛnsin
violence;akpasɛnsin
avec insistence;akpasɛnsin
clitoris;asɔ
dormeur;alɔndɔntɔ
devinette;ajododo
moyen;ayexa
intelligence;ayexa
précaution;ayexa
ruse;ayexa
ordalie;akâ
devination;akâ
espèce de fruit;aswin
tortue;aʒaotɔbwɛ
sacoche;akpɛtɛ
écorce;acikpa
sacrifice;avɔnsasa
languette;aɖevi
benjamin;adɔklɔɛ
cadeau;ajɔ̀
don;ajɔ̀
prix;ajɔ̀
péché;agɔjeje
faute;agɔjeje
insulte;agɔjeje
transgression;agɔjeje
offense;agɔjeje
internat;amɛnyixu
institut;amɛnyixu
distillateur;ahaɖatɔ
valeur;afixɔxɔ
dignité;afixɔxɔ
noblesse;afixɔxɔ
importance;afixɔxɔ
coût;afixɔxɔ
prix;afixɔxɔ
seul;akogo
unique;akogo
solitaire;akogo
solitude;akogo
merci;akpe
remerciement;akpe
puissant;ahwayigbɔsu
casque;aklo kuku
espèce d'épines;ahlu
champs non cultivé dans la deuxième saison;ahlu
caoutchouc;aŋɔ
goudron;aŋɔ
plastique;aŋɔ
colle;aŋɔ
électeur;akɔdatɔ
votant;akɔdatɔ
pleurnichard;avinfantɔ
celui qui pleure;avinfantɔ
diffamation;amɛdradrá
calendrier;azanwema
livre de mois;azanwema
militaire;ahwayitɔ
soldat;ahwayitɔ
guerrier;ahwayitɔ
houe presque hors d'usage;alinxi
teinture;amaɖoɖo
piège avec un contre-poids;agba6
sable de mer;axukɔ
chatte;awinɔ
estagnon;amiganu
fête;azanɖuɖu
réjouissance;azanɖuɖu
anniversaire;azanɖuɖu
prostatite;axuɖoɖo
chaton;asivi
variété de ver;atran
escroc;awoxotɔ
divorce;asugbegbé
ciel;ayamɛ
firmament;ayamɛ
manière;alɔkpa
méthode;alɔkpa
stratégie;alɔkpa
sorte;alɔkpa
catégorie;alɔkpa
efforts;agblajeje
labeur;agblajeje
travail;agblajeje
luttes;agblajeje
clan;akɔta
tribu;akɔta
lignée;akɔta
extérieur;agogbe
dehors;agogbe
plage;agogbe
publicité commerciale;ajɔdradra
marketing;ajɔdradra
chienne;avunɔ
mauvaise chose;aʒidodo
entêtement;aʒidodo
désobéissance;aʒidodo
à la main;alɔnu
amabilité;amɛwawa
égoïste;amɛŋtɔtɔ̀jitɔ́
quatrième;amɛnɛtɔ
Nigéria;Aŋɔlin
sud;afɔde
ronce;aŋwakan
pour rien;ashigba alɔgba
bredouille;ashigba alɔgba
lieu de repos comfortable;ablɔ
lieu de récréation;ablɔ
place publique;ablɔ
chef d'armée;ahwafyɔ
officier;ahwafyɔ
conseiller;aɖaŋɖetɔ
architecte;aɖaŋɖetɔ
expert;aɖaŋɖetɔ
pubis;ayɔ
bas-ventre;ayɔ
salle d'opération;amɛzɛnxɔ
bloc opératoire;amɛzɛnxɔ
artisanat;alɔnudɔ
travail manuel;alɔnudɔ
piéton;afɔtɔ
caisse;agba
paquet;agba
haleine;agbɔn
épouse;asuɖetɔ
jeunes feuilles;amamu
vert étincelant de jeunes feuilles;amamu
contusion;agwi
cicatrice apparente;agwi
bouillonnement;agoɖeɖe
vague;agoɖeɖe
le commerce de quelqu’un est en plein essor;ajɔ ɖyì esa nɔ amɛ
cage;aja
nasse;aja
soin;abu
menuisier;acikpatɔ
petite statue en bois;acikpakpɛ
jeune épi de maïs;acikpakpɛ
chat;awi
chat;asi
plafond;azan
plafond;aza
fête;agɔ
cimetière;amɛɖyixu
chaîne;awlɛga
chaîne;aɣlɔ
chaîne;awlɛ
défi;adankankan
menace;adankankan
changement;ashitrɔtrɔ
charbon de bois;akan
joue;ase
poitrine;akɔn
thorax;akɔn
nulle part;afiɖekpokpwi
partout;afiɖekpokpwi
à part;akpo
style de percussion avec battement des mains;ashikpe
acclamation;ashikpe
arène;aguntomɛ
arène;agun
réunion;agun
arène;ajatɛnmɛ
espace au milieu d'un groupe de personnes;ajatɛnmɛ
bras;abɔ
manche;abɔ
artisan;alɔnudɔwatɔ
comme cela;ahan
ainsi;ahan
cendre;afi
récipient pour cendre;afigu
marchandage;afiɖeɖe
pied de l'arbre;acigunu
chauve-souris;avutɔ
plage;axutu
bord de mer;axutu
bec;adɔ
trompe (d'éléphant);adɔ
haricot;ayu
début;afɔnu
cérémonies funéraires;azankpegbe
personne noire;amɛyibɔ
nègre;amɛyibɔ
vantardise;aglo
vantardise;aglocucu
arachides bouillies;aʒin ɖaɖà
livre de vie (Bible);agbegbale
petit magasin;afixɔ
hangar;afixɔ
maison abandonnée ou désertée;axwetugbe
devin;akplɛkantɔ
rosée;ahun
brouillard;ahun
différence;akpototó
chien;avu
animal domestique;axomɛlan
arachides sèches;aʒin xuxú
espèce de tambour;acinuhun
manière de jouer du tambour;acinuhun
manière de jouer du tambour;atri
ivrogne;ahanumutɔnɔ
alcoolique;ahanumutɔnɔ
ivrogne;ahanumutɔ
alcoolique;ahanumutɔ
ivrogne;ahasukanutɔ
tromperie;ahiʒi
duperie;ahiʒi
poussière;afizɔ
chacun pour soi;amɛtɛ amɛtɛ
chose facile;alɔ sɔ́ enu lè eta
oeuf;aʒin
huit;amɛnyi
dix-huit;amɛvetolewimɛ
beau-frère;ashigan
belle-soeur;ashigan
élus;amɛcancinwo
onze;amɛwiɖeka
les mains vides;ashi gba alɔ gba
les mains vides, bredouille;ashi gba alɔ gba
l'essentiel d'une cérémonie traditionelle;akɔsuxwi
vote;akɔdada
élection;akɔdada
référendum;akɔdada
votation;akɔdada
Sainte Cène;Axwetɔ 'Nuɖuɖu
Repas du Seigneur;Axwetɔ 'Nuɖuɖu
Communion;Axwetɔ 'Nuɖuɖu
capital;ajɔho
fonds;ajɔho
sorte de danse en vogue;akpɛsɛ
friandise;aglanmɛɖenu
prostitué;asuwatɔ
adultère;asuwatɔ
alcoolique;ahanumunɔ
ivrogne;ahanumunɔ
soûlard;ahanumunɔ
dispute;aɖehwlɛnhwlɛn
discussion;aɖehwlɛnhwlɛn
conflit;aɖehwlɛnhwlɛn
querelle;aɖehwlɛnhwlɛn
teigne;axwla
type de maladie de peau;axwla
gale;axwla
particulièrement;akpobuitɔ̀
dieu fabuleux des contes;acivoju
mon;aŋ
ton;ao
ta;ao
A ressemble à B;A sɔ̀ koɖo B
adultère (d'une femme);afɔdogbe
adultère avec une femme mariée;ashixɔxɔ
pompe (à air);azɔdonu
air;aya
vent;aya
langue adja;ajagbe
peuple Aja;ajanuwo
territoire où l'on parle aja;ajakanmɛ
cheville;afɔkwɛ
cheville de pied;afɔŋkuvi
excuse;agoo
exclamation pour attirer l'attention;agoo
famine;adɔ
disette;adɔ
la famine s'est installée;adɔ tó
ventilateur;ayaxonu
éventail;ayaxonu
beau-père;ashitɔ
beau-père;asutɔ
grand frère de son père;atagan
petit frère de son père;atavi
fiancé;agɔ
champ de palmiers abattus où l'on prépare du vin de palme;aha mɛ
quinze;amɛwyatɔn
doigt;alɔvi
branche;alɔvi
arme;ahwawanu
foyer;adokpu
cinq;amatɔn
cinq;atɔn
liquide inflammable;amiwadan
puce;ajwɛ
taon;ajwɛ
pied (mesure de longueur);afɔgba
enjambée;afɔgba
petit sentier;afɔmɔ
forêt;ave
brousse;ave
garde-forestier;avesɔja
fourchette;ayagaci
fornication;asuwawa
débauche;asuwawa
quatorzième;amɛwinɛtɔ
conversation;aseŋ
indolence;axlawawa
manque de ponctualité;axlawawa
nonchalance;axlawawa
lenteur;axlawawa
gant;alɔgodi
omoplate;abɔgbaxu
ampoule buvable;abwi
ampoule à injecter;abwi
piqûre;abwi
benjamin;adɔkplɛ
débrouillard;agblajetɔ
tronc de faux acajoutier;acankpu
vanité;ayamɛnu
guerrier;ahwawatɔ
combattant;ahwawatɔ
militant;ahwawatɔ
imitateur;amɛsrantɔ
sorte de hache;avɛ
gant;alɔwu
dentiste;aɖudɔdàtɔ
calomnie;amɛnyɔnunu
diffamation;amɛnyɔnunu
dents chevauchées;aɖukplɛ
gibier;adelan
animal sauvage;adelan
savonnerie;aɖyiɖaxu
air;azɔ
gaz;azɔ
escroquerie;awo
mensonge;awo
jambe;afɔci
patte;afɔci
tréteau;afɔci
durée de vie;agbenɔzan
mil;abɔkun
millet;abɔkun
sorgho;abɔkun
femme;ashi
épouse;ashi
femelle;ashi
violence;alyan
drogue;ama sɛnŋsɛnŋ
agriculture;agbledede
culture de la terre;agbledede
labour;agbledede
champ;agbledede
Afrique;Amɛyibɔ nyigban
lieu de réjouissance;azanɖuxu
climatiseur;ayamɛfanu
consolation;akɔnfa
aphasie;aɖecucú
plage;axuta
bord de la mer;axuta
cure-dents;alo
fureur;adan
violence;adan
grondement;adan
colère;adan
marié;alɔletɔ
époux;alɔletɔ
pagne de dessous des femmes;agbakpwi
accueil;amɛxɔxɔ
embauche;amɛxɔxɔ
recrutement;amɛxɔxɔ
cérémonie;akɔnu
tradition;akɔnu
coutume;akɔnu
rite;akɔnu
partout;afishyafi
de tout côté;afishyafi
n'importe où;afishyafi
injection;abwidodo
pirogue;aklo
vacancier;azanxɔtɔ
concierge;axwejikpɔtɔ
gardien;axwejikpɔtɔ
révolutionnaire;ahwafɔntɔ
rebelle;ahwafɔntɔ
huitième;amɛnyitɔ
clan;akɔ
ethnie;akɔ
tribu;akɔ
division;akɔ
avec force;akpasɛnsin tɔ̀
avec violence;akpasɛnsin tɔ̀
scierie;acizɛnxu
footballeur;afɔbɔluxotɔ
quartier (de ville);akɔmɛ
impréparation;avo
stupeur;avo
surprise;avo
inconscience;avo
cendre de la veille;afidrɔ
autobus;amɛsɔhun
autocar;amɛsɔhun
alerte de guerre;ahwaxwa
cri de guerre;ahwaxwa
alarme;ahwaxwa
canif;akpomɛ 'wi
capital de commerce;afîsasaho
fonds;afîsasaho
piste;afɔ 'mɔ
sentier;afɔ 'mɔ
bègue;aɖekukukutɔ
eau de mer;axushu
exploitation;amɛbabà
tricherie;amɛbabà
bagage;agban
poids;agban
charge;agban
joug;agban
oppression;agban
assujettissement;agban
dot;agban
marchandise;agban
étalage de marchandises;agban
autel;avɔnsakpe
tissage (de tissu);avɔnlɔnlɔn
vaccin;abɔtashishi
vaccination;abɔtashishi
remerciements;akpedodo
louange;akpedodo
hommage;akpedodo
reconnaissance;akpedodo
gratitude;akpedodo
merci;akpedodo
linge;avɔnvi
étoffe;avɔnvi
mouchoir;avɔnvi
chef de guerre;ahwaŋkɔnɔtɔ
capitaine;ahwaŋkɔnɔtɔ
certains;amɛɖewo
station-service;amisaxu
qui aide;alɔdotɔ
trahison;amɛbleble
duperie;amɛbleble
séduction;amɛbleble
ruse;amɛbleble
tricheur;amɛbatɔ
exploiteur;amɛbatɔ
recensement (des personnes);amɛhlɛnhlɛn
dictateur;acɛkpanamutɔ
artisanat;alɔnudɔwawa
véritable;adodwi
vrai;adodwi
authentique;adodwi
sérieux;adodwi
sincère;adodwi
voilà!;ahɛ̂n
justement !;ahɛ̂n
mouchoir;atravi
foulard de tête;atravi
proximité;axaji
côté latéral;axaji
ainsi que;ahan ké
devant;akɔnmɛ
en face de;akɔnmɛ
travail contractuel;apadɔ
métayage;apadɔ
maison;axwemɛ
foyer;axwemɛ
affamé;adɔnɔ
abcès;ade
furoncle;ade
kyste;ade
réservoir;amigu
cache-sexe;avugodi
empreinte de pied;afɔɖoxu
pose-pieds;afɔɖoxu
jabot;avamɛ
commerce d'esclaves;agbetɔ 'fisasa
côté;ago
bord;ago
rive;ago
bord de l'eau;ago
rive;ago
extérieur;ago
pied d'un plant;afɔcimɛ
pattes;afɔcimɛ
sauvage;avemɛ tɔ̀
dix-huit;amɛwinyi
rival;ashisunɔ
arbre à huile;amici
olivier;amici
diable;abushanŋ
fabricant de liqueur;ahaɖotɔ
invité;amɛdavɛ
applaudissement;ashikpexoxo
acclamation;ashikpexoxo
commerce;afisasa
plante du pied;afɔxomɛ
menton;aglangɔnmɛ
solitude;akogonɔnɔ
fond;agu
profondeur;agu
source;agu
première des épouses;axwenɔ
patronne de maison;axwenɔ
maîtresse;axwenɔ
dame;axwenɔ
pauvre;ayatɔnɔ
malheureux;ayatɔnɔ
misérable;ayatɔnɔ
espion;amɛdratɔ
mouchard;amɛdratɔ
chatte;asinɔ
rameau;aɖɔmɛ
rejeton;aɖɔmɛ
sommet;aɖɔmɛ
sommet, point élevé de quelque chose;aɖɔmɛ
boy;amɛgbɔnɔvi
domestique;amɛgbɔnɔvi
enfant qui habite avec des tuteurs;amɛgbɔnɔvi
marché;afi
prix;afi
coût;afi
valeur;afi
ruse;ayemɛnuwawa
hypocrisie;ayemɛnuwawa
rapidité;alɔɖaɖɛ
rapidement;alɔɖaɖɛ
sauvage;avemɛ
rural;avemɛ
tromperie;aye
duplicité;aye
ruse;aye
prétexte;aye
conseil;aye
ingéniosité;aye
moyen;aye
manière;aye
moyen;aye
méthode;aye
précaution;aye
ruse;aye
tact;aye
état d'éveil;aye
pensée;aye
malaise de poitrine;akɔnzu
père;ajitɔ
parent;ajitɔ
marché;afimɛ
lieu de vente;afimɛ
diffamation;amɛfufú
mercenaire;apawatɔ
métayer;apawatɔ
côté;axa
à côté de;axa
près de;axa
bègue;aɖekukutɔnɔ
maison;axwe
habitation;axwe
habitat;axwe
à l'improviste;avomɛ
de façon inopinée;avomɛ
inattendu;avomɛ
fémur;ataxu
obéissance;amɛbubu
politesse;amɛbubu
chienne;avushi
chien femel;avushi
beau-frère (moins âgé que la femme);ashihwɛ ŋsù
sorte d'herbe élancée;aʒun
hirondelle;aɖɔɣiaɖɔɣi
dentiste;aɖudɔyɔtɔ
invité;amɛkpekpé
insomnie;alɔnmadɔn
mise en garde;afɔɖoafɔji
information;afɔɖoafɔji
prévention;afɔɖoafɔji
alerte;afɔɖoafɔji
quelqu’un de valeur;amɛjɔmɛ
d'important;amɛjɔmɛ
buveur;ahanutɔ
grand buveur;ahanutɔ
alcoolique;ahanutɔ
somnifère;alɔn cike
grincement de dents;aɖukli
méchant;amɛvwin
pécheur;amɛvwin
malfaiteur;amɛvwin
qui n'as pas été hérité;agɔ
petit marché;agbo
bonheur;afe
sujet de joie;afe
grâce;afe
nuage;azɔ
fumée;azɔ
nuée;azɔ
suie;azɔ
marché;afiɖyiɖyi
calebasse;acitre
ivresse;ahanumu
ivrognerie;ahanumu
statuette vénérée comme divinité;acitogbovi
meurtre;amɛwuwu
assassinat;amɛwuwu
homicide;amɛwuwu
plantation (d'arbres);acikan
barrière;agbo
obstacle;agbo
personne;amɛɖekɛ
quiconque;amɛɖekɛ
personne;amɛɖekɛ
côté;akpaji
compartiment;akpaji
élément;akpaji
lot;akpaji
partie;akpaji
zone;akpaji
séquence;akpaji
set;akpaji
direction;akpaji
maman;ajinɔ
portillon;agbovi
guichet;agbovi
pâte rouge;amɛgban
trente;amɛgban
garde;agbonugla
frustration;amɛfluflu
tromperie;amɛfluflu
duperie;amɛfluflu
Nom propre de personne;Akú
tailleur;awutɔntɔ
superposition d'épis de maïs sur des bords extérieurs;aswɛ
grande forêt;avesu
forêt dense;avesu
jungle;avesu
décapsuleur;ahahunnu
ouvre-bière;ahahunnu
guerre;ahwa
combat;ahwa
lutte;ahwa
foule;ahwa
difficultés dans le mariage (pour une femme);asuxwe 'nyɔ
boutonnière;awukpe dodu
muet;aɖecucunɔ
variété d'arbuste;axwla
lieu d'extraction du brut;ahakpaxu
pagaie;akloci
conséquence;alɔzu
retombée;alɔzu
poignet;alɔcikwɛ
internat;amɛhɛnxu
institut;amɛhɛnxu
bol;agban
assiette;agban
disque;agban
arbalète;avlɔ
lance-flèches;avlɔ
fronde;avlɔ
ah bon !;ahaan
neuvième;ashiɖekɛtɔ
insnsé;ahomu
buvette;ahanuxu
débit de boisson;ahanuxu
cabaret;ahanuxu
lieu de réjouissance;agɔɖuxu
jeep;avohunvi
fête;agɔɖuɖu
réjouissance;agɔɖuɖu
festival;agɔɖuɖu
faillite;agbanɖuɖu
accidenté;afɔkujetɔ
blessé;afɔkujetɔ
victime;afɔkujetɔ
aide;alɔdu
secours;alɔdu
infusion sacrée d'herbes à des fins purificatrices;afla
testicule;axu
hernie;axu
houe;alin
daba;alin
travail ménager;axomɛdɔ
chasseur;adedatɔ
chasseur;ade
chasse;ade
chasse;adedada
hutte;agba
apatame;agba
hypocrite;ayemɛnuwatɔ
enfant illégitime;ahunmɛvi
bâtard;ahunmɛvi
chair non-mûre d'une noix de coco;adru
jeune feuille de palmier;azan
immédiatement;afɔdumɛ
aussitôt;afɔdumɛ
personne impolie;amɛmabutɔ
incantation;agbeshya
incantation;agbesa
inceste;aledada
infamie;aledada
fête d'indépendance;ablɔɖexwe
interjection qui indique une insistance ou une supplication dans la langue parlée;aŋ
juin;afo
juste;amɛjɔjwɛ
chaton;awivi
personne boiteuse;atakukunɔ
paralytique;atakukunɔ
plus grande partie;akpagantɔ
majorité;akpagantɔ
hibou;azexe
peinture;aŋɔ
paume (de la main);alɔxomɛ
paume;alɔkpabwi
plante de la main;alɔkpabwi
perroquet;aku
partie du cerveau qui pense;ahlɔngbɔ
route goudronnée;aŋɔmɔ
arachides;aʒin
personnes;amowo
les gens;amowo
tout le monde;amowo
bois de percussion;acikpakpɛ
parfum;amihwɛnte
persécution;amɛŋgbecicí
poursuite;amɛŋgbecicí
incestueux;aletɔnɔ
coupable d'inceste;aletɔnɔ
pitié;adɔnusoswi
grâce;adɔnusoswi
place;afi
endroit;afi
bol en plastique;aŋɔgban
poche;akpo
sacoche;akpo
polio(myélite);ataku-abaku
pauvre;abɔnɔ
indigent;abɔnɔ
pauvre;akuntɔnɔ
bouillie de maïs;adan
tesson de poterie;aklan
manioc ou igname pilé;agun
pouvoir;amagbe
légumineuses;amagbe
sacrifice;adraɖeɖe
rite;adraɖeɖe
tristesse;alwɛ
espèce d'oiseau qui chante;alwɛ
quelqu’un;amɛɖeka
quelqu’un qui ne peut pas dormir à cause de la faim;amɛ hlɛ̀n agbaci
quelqu’un s'entend avec quelqu’un;amɛ nyínɔ koɖo amɛbu 
quelqu’un s'entend avec quelqu’un;amɛ koɖo amɛ nyínɔ
quelqu’un est sans argent;alɔmɛ xú nɔ amɛ
quelqu’un a réussi (son tir);alɔ jɔ̀ nɔ amɛ
quelqu’un qui est adroit;alɔ jɔ̀ nɔ amɛ
quelqu’un est puissant ou il se porte bien;agan lè amɛ nu
quelqu’un n'est pas riche;alɔmɛ de lè amɛ 'shi o
quelqu’un est surchargé;aye xá nɔ amɛ
quelqu’un a raison;amɛ 'hwɛ jɔ
quelqu’un qui ne s'y attend pas;amɛ ci lè avo mɛ
les descendants de quelqu’un;amɛ lɔvi
deuxième;amɛvetɔ
second;amɛvetɔ
séparément;akpo akpo
sept;amadrɛ
sept;adrɛ
dix-sept;amɛwyadrɛ
septième;amadrɛtɔ
septième;adrɛtɔ
métayer;apadɔwatɔ
mercenaire;apadɔwatɔ
métayage;apa
main d'oeuvre;apa
karité;ayɔ
bouclier;akpoxɔnu
chemise;awu
obsèques;amɛɖyiɖyi 'kɔnuwawawo
dix;amɛɣ o
sifflement;akwi
détracteur;amɛgbalitɔ
la femelle;ashitɔ
au grand jour;agbaŋgba
publiquement;agbaŋgba
sternum;akɔnta
poitrine;akɔnta
thorax;akɔnta
dentiste;aɖudɔwatɔ
trompeur;amɛblètɔ
fraudeur;amɛblètɔ
tout le monde;amɛshamɛ
chacun;amɛshamɛ
n'importe qui;amɛshamɛ
gouttière;atrɔ
route goudronnée;aŋɔmɔ
bébé;alɔmɛvi
nouveau-né;alɔmɛvi
nourrisson;alɔmɛvi
parfumerie;amihwɛntewaxu
galette;acikaklɛ
savonnière;aɖyitre
porte de clôture;agbonu
portail;agbonu
entrée de ville/village;agbonu
Amérique;Amɛliki
Etats-Unis;Amɛliki
extraordinaire;akpobui
fameux;akpobui
particulier;akpobui
spécial;akpobui
typique;akpobui
beauté;acɔjeje
splendeur;acɔjeje
sommeil;alɔn
tronçonneuse;acisosò macini
